time,x,y,heading_error,omega,linear_x
0.0,1.085516601034152,-0.21592945263347685,2.21760945503359,6.65282836510077,0.612956217986564
0.10001587867736816,1.0900570583929872,-0.21175773994951563,2.1940771049098133,6.58223131472944,0.6223691580360746
0.19590306282043457,1.0954375605238793,-0.20652669957290926,2.1640152897728777,6.492045869318633,0.6343938840908488
0.29741430282592773,1.1045482865253158,-0.19681076090653252,2.12334745589267,6.3700423676780105,0.6506610176429319
0.3957812786102295,1.10559178872465,-0.1956374212056476,2.0958367044032764,6.287510113209829,0.6616653182386893
0.49621152877807617,1.1586036172463372,-0.03181155139377477,1.5942289528248899,4.782686858474669,0.8623084188700441
0.5958144664764404,1.1593720055704388,-0.009469393631272381,1.610127432310706,4.830382296932118,0.8559490270757175
0.696270227432251,1.1600946518602357,0.001376413782815566,1.660430449247943,4.981291347743829,0.8358278203008228
0.795684814453125,1.1600946518602357,0.001376413782815566,1.660430449247943,4.981291347743829,0.8358278203008228
0.8958871364593506,1.1629252627434852,0.02283426220332262,1.765048407285992,5.295145221857976,0.7939806370856032
0.9956471920013428,1.1646918912420934,0.03256842535952509,1.7761455666705797,5.328436700011739,0.7895417733317681
1.0957825183868408,1.1659903420465787,0.040034295820423546,1.7761910727262953,5.328573218178886,0.7895235709094819
1.1972575187683105,1.1655381548731514,0.03762142345455961,1.8000564239724837,5.400169271917451,0.7799774304110065
1.295945405960083,1.1675459732395432,0.04874791942410862,1.7930805192483048,5.379241557744915,0.7827677923006781
1.397282600402832,1.1685903506664301,0.05484707356721048,1.7681019411110557,5.304305823333167,0.7927592235555777
1.4960360527038574,1.1714364021494057,0.07686799614514704,1.775655015971408,5.326965047914224,0.7897379936114368
1.5959382057189941,1.1729859491279857,0.08653279476241804,1.8213679372752998,5.4641038118258995,0.77145282508988
1.6960124969482422,1.1729859491279857,0.08653279476241804,1.8213679372752998,5.4641038118258995,0.77145282508988
1.7958412170410156,1.1746468178492981,0.09595212043337861,1.8012446301109144,5.403733890332743,0.7795021479556342
1.8958375453948975,1.1757263174332382,0.10524424422818068,1.7424886631301935,5.227465989390581,0.8030045347479225
1.9958157539367676,1.1762033381292196,0.124248654958287,1.664359290059693,4.9930778701790794,0.8342562839761227
2.0962367057800293,1.1759737377532447,0.13402132419203708,1.6619703823345715,4.985911147003715,0.8352118470661714
2.1962778568267822,1.1759675316531353,0.1436578185624938,1.7131664097881665,5.1394992293645,0.8147334360847334
2.295861005783081,1.1761026104892498,0.15258820509875573,1.7092062320632364,5.1276186961897094,0.8163175071747054
2.39581561088562,1.1769992309777728,0.17204621494080027,1.7953299992809069,5.385989997842721,0.7818680002876373
2.4956653118133545,1.1779051953082993,0.18179727287276953,1.8299688741395344,5.489906622418603,0.7680124503441862
2.5958139896392822,1.1779051953082993,0.18179727287276953,1.8299688741395344,5.489906622418603,0.7680124503441862
2.695823907852173,1.178598825333708,0.19028914321415508,1.7798265287847388,5.339479586354217,0.7880693884861044
2.795799732208252,1.1792141139428547,0.20039920508277206,1.79356737826339,5.3807021347901705,0.782573048694644
2.896296977996826,1.179351034644991,0.21845232134866982,1.707871989210233,5.123615967630699,0.8168512043159067
3.000808000564575,1.178598008226418,0.2278471554392508,1.648966553547423,4.946899660642269,0.8404133785810308
3.0957913398742676,1.178598008226418,0.2278471554392508,1.648966553547423,4.946899660642269,0.8404133785810308
3.196697235107422,1.1764539974437038,0.24460389954442238,1.6296727634406631,4.88901829032199,0.8481308946237347
3.295828342437744,1.1743760342365597,0.2580005700738791,1.6534303860077986,4.960291158023396,0.8386278455968805
3.395707607269287,1.1735384234404134,0.265627522593987,1.7054897235280084,5.1164691705840255,0.8178041105887965
3.4957966804504395,1.1735384234404134,0.265627522593987,1.7054897235280084,5.1164691705840255,0.8178041105887965
3.5957865715026855,1.172692890657681,0.2819841398747789,1.7928307662316263,5.378492298694879,0.7828676935073494
3.6956915855407715,1.1727333441299232,0.2906626933938967,1.8366967055753831,5.51009011672615,0.7653213177698467
3.7958614826202393,1.1729734370127596,0.2972674536823613,1.861653032875661,5.5849590986269835,0.7553387868497355
3.8970420360565186,1.1732211255832792,0.3040132594294551,1.83917441299732,5.51752323899196,0.764330234801072
3.9962642192840576,1.1732211255832792,0.3040132594294551,1.83917441299732,5.51752323899196,0.764330234801072
4.095807075500488,1.1723319806976022,0.32201976306746255,1.7243441674410358,5.173032502323108,0.8102623330235856
4.19581937789917,1.1691645988981978,0.33983924116311237,1.647223312586272,4.9416699377588165,0.8411106749654911
4.295693397521973,1.167678906620432,0.34672181704109534,1.6414783087427545,4.924434926228264,0.8434086765028982
4.395720720291138,1.167678906620432,0.34672181704109534,1.6414783087427545,4.924434926228264,0.8434086765028982
4.49575662612915,1.1654465791817488,0.35673033928913317,1.6506288309387298,4.95188649281619,0.839748467624508
4.601481914520264,1.1639357843600036,0.3633586094140351,1.6646005710305973,4.993801713091792,0.834159771587761
4.695707559585571,1.1625671050483097,0.3701270479948589,1.707865575196853,5.123596725590559,0.8168537699212588
4.796100854873657,1.1625671050483097,0.3701270479948589,1.707865575196853,5.123596725590559,0.8168537699212588
4.895711421966553,1.1605985625952042,0.38851956553541406,1.85769010489687,5.57307031469061,0.756923958041252
4.995834589004517,1.1604978932226664,0.3983372086313621,1.9180490392015719,5.754147117604716,0.7327803843193712
5.095776319503784,1.160810713618912,0.40636928395755645,1.9528790260004814,5.858637078001444,0.7188483895998075
5.195785760879517,1.1609959598199975,0.40961927743191295,1.9835533483033159,5.950660044909948,0.7065786606786736
5.295689821243286,1.1611752824156945,0.41187681485964883,1.9950430264870962,5.985129079461289,0.7019827894051615
5.395691156387329,1.1615434450206354,0.41619927492921127,1.9808848438445799,5.94265453153374,0.707646062462168
5.497263669967651,1.1613758616558836,0.43191004913309344,1.8405344843684575,5.521603453105373,0.763786206252617
5.598217248916626,1.160240702563526,0.4410907313360002,1.792650637300855,5.377951911902565,0.7829397450796579
5.695732831954956,1.160240702563526,0.4410907313360002,1.792650637300855,5.377951911902565,0.7829397450796579
5.796082258224487,1.1582111444509593,0.4531816199628555,1.7535653578586994,5.260696073576098,0.7985738568565202
5.8957133293151855,1.1571746314401743,0.4590433286498544,1.8010966599285683,5.403289979785705,0.7795613360285727
5.9956955909729,1.1563085747139685,0.465665441994879,1.8417820268223262,5.525346080466979,0.7632871892710695
6.095721483230591,1.1555360957378042,0.47434216879951385,1.8949194456017742,5.684758336805323,0.7420322217592903
6.195660591125488,1.1555360957378042,0.47434216879951385,1.8949194456017742,5.684758336805323,0.7420322217592903
6.295854568481445,1.1549378889705688,0.4829184267072058,1.8671897471166716,5.601569241350015,0.7531241011533313
6.3958375453948975,1.1534238642705354,0.49328933620256915,1.7810870682843192,5.343261204852958,0.7875651726862722
6.495830059051514,1.1489792408542794,0.5095901212375338,1.6500655712066667,4.9501967136200005,0.8399737715173332
6.595702886581421,1.1489792408542794,0.5095901212375338,1.6500655712066667,4.9501967136200005,0.8399737715173332
6.695696115493774,1.143864869015362,0.5219868473967516,1.544018128461856,4.632054385385568,0.8823927486152576
6.795811653137207,1.1431871510464084,0.5233607774682375,1.533065330457209,4.599195991371627,0.8867738678171163
6.901647090911865,1.1373821396901629,0.5331331409710015,1.4302165720108582,4.290649716032575,0.9279133711956568
6.996050119400024,1.1373821396901629,0.5331331409710015,1.4302165720108582,4.290649716032575,0.9279133711956568
7.097303628921509,1.1337403269019986,0.5383316906550145,1.3832966840492953,4.149890052147886,0.9466813263802819
7.195716619491577,1.1306244972025303,0.5427953778249902,1.413901777167368,4.2417053315021045,0.9344392891330527
